Names,Email,
Arielle Love,esasaki@att.net,
Rosemary Solis,mcnihil@hotmail.com,
Coleman Hobbs,vlefevre@verizon.net,
Triston Chan,keutzer@aol.com,
Kamden Ponce,ehood@optonline.net,
Makenzie Shaw,brainless@outlook.com,
Annalise Harris,ideguy@mac.com,
Annalise Compton,sjmuir@me.com,
Raina Stanley,jtorkbob@live.com,
Annie Blanchard,drhyde@comcast.net,
Nola Hoffman,jipsen@icloud.com,
Demetrius Parks,munge@yahoo.ca,
Shea Gomez,csilvers@me.com,
Rey Phelps,moonlapse@live.com,
Kaiya Atkinson,singer@att.net,
Terrance Hawkins,ateniese@aol.com,
Allen Lyons,jipsen@icloud.com,
Meghan King,jlbaumga@me.com,
Savion Hayes,linuxhack@me.com,
Amy Perry,seano@yahoo.ca,
Ashtyn Velazquez,sumdumass@msn.com,
Hana Simon,janneh@verizon.net,
Quentin Humphrey,maradine@outlook.com,
Ariel Francis,ideguy@yahoo.ca,
Nevaeh Trevino,dalamb@verizon.net,
Frankie Huerta,alhajj@optonline.net,
Jett Rivers,tezbo@msn.com,
Jamarcus Ellis,stevelim@aol.com,
Willie Webb,neuffer@hotmail.com,
Briana Holloway,codex@verizon.net,
Reynaldo Knox,knorr@icloud.com,
Samuel Hurley,leviathan@aol.com,
Elisha Wood,marnanel@comcast.net,
Dereon Nicholson,tamas@me.com,
Meredith Hayden,bebing@outlook.com,
Rogelio Fritz,pierce@yahoo.ca,
Sanaa Arias,chaki@mac.com,
Josh Landry,jaesenj@comcast.net,
Isla Walton,rattenbt@live.com,
Ryleigh Suarez,chrwin@msn.com,
Marely Galloway,kspiteri@msn.com,
Barrett Mcgee,kdawson@gmail.com,
Barbara Chandler,madler@yahoo.com,
Micaela Beltran,hager@sbcglobal.net,
Brynlee Bishop,malattia@sbcglobal.net,
Maurice Sanchez,engelen@outlook.com,
Braedon Hooper,dmath@icloud.com,
Aidan Bird,scato@mac.com,